[
  {
    "id": 1,
    "name": "US Bank",
    "category": "Commercial & Regional Bank",
    "subcategory": "National Bank",
    "loanTypes": "SBA 7(a), SBA 504, Lines of Credit, Equipment Finance, Business Diversity Lending",
    "minFICO": 680,
    "maxLoanSize": "$5M (SBA max)",
    "minRevenue": "$100K+",
    "minTimeInBusiness": "2 years",
    "targetProfile": "Strong DSCR. Focus on diverse business owners.",
    "geographicFocus": "National with heavy Northern California presence (SF, Sacramento)",
    "countiesServed": [
      "San Francisco",
      "Sacramento"
    ],
    "contact": {
      "name": "nan",
      "phone": "866-280-3751 (Commercial) / 800-328-5371 (Equipment)",
      "email": "nan",
      "website": "usbank.com"
    },
    "notes": "nan"
  },
  {
    "id": 2,
    "name": "JPMorgan Chase Bank",
    "category": "Commercial & Regional Bank",
    "subcategory": "National Bank",
    "loanTypes": "SBA Express Lines and Loans, Term Loans, Commercial Real Estate",
    "minFICO": 680,
    "maxLoanSize": "$5M (SBA max)",
    "minRevenue": "nan",
    "minTimeInBusiness": "24 months",
    "targetProfile": "Prepayment penalties apply to loans > $250k.",
    "geographicFocus": "Over 800 branches across California",
    "countiesServed": [
      "Statewide"
    ],
    "contact": {
      "name": "nan",
      "phone": "nan",
      "email": "nan",
      "website": "chase.com"
    },
    "notes": "Local branch origination"
  },
  {
    "id": 3,
    "name": "Wells Fargo",
    "category": "Commercial & Regional Bank",
    "subcategory": "National Bank",
    "loanTypes": "Term Loans, Advancing Term Loans, CRE, Asset-Based Lending",
    "minFICO": 680,
    "maxLoanSize": "nan",
    "minRevenue": "$25M-$2B (commercial tier)",
    "minTimeInBusiness": "2 years",
    "targetProfile": "Targets middle-market revenues for commercial tiers. Strong focus on CRE.",
    "geographicFocus": "San Francisco HQ, Sacramento regional offices",
    "countiesServed": [
      "San Francisco",
      "Sacramento"
    ],
    "contact": {
      "name": "Heather Dennis (CRE West) / Lu Nastasiychuk",
      "phone": "415-801-8561 / 916-207-5565 / 800-225-5935 (Small Biz)",
      "email": "nan",
      "website": "wellsfargo.com"
    },
    "notes": "nan"
  },
  {
    "id": 4,
    "name": "Bank of America",
    "category": "Commercial & Regional Bank",
    "subcategory": "National Bank",
    "loanTypes": "SBA Preferred Lender (7a/504), Term Loans, Community Development",
    "minFICO": 680,
    "maxLoanSize": "nan",
    "minRevenue": "$100K+",
    "minTimeInBusiness": "2 years",
    "targetProfile": "Conventional bank underwriting standards. Neighborhood Lending Specialists available.",
    "geographicFocus": "National, widespread Northern California branches",
    "countiesServed": [
      "Statewide"
    ],
    "contact": {
      "name": "nan",
      "phone": "888-287-4637",
      "email": "nan",
      "website": "bankofamerica.com"
    },
    "notes": "nan"
  },
  {
    "id": 5,
    "name": "Five Star Bank",
    "category": "Commercial & Regional Bank",
    "subcategory": "Regional Bank",
    "loanTypes": "SBA 7a, CalCAP Small Business, CalCAP Collateral Support",
    "minFICO": 680,
    "maxLoanSize": "$5M",
    "minRevenue": "nan",
    "minTimeInBusiness": "nan",
    "targetProfile": "Conventional regional bank standards enhanced by state CalCAP guarantees.",
    "geographicFocus": "Sacramento, San Francisco, Alameda, Placer, Yolo, Sonoma",
    "countiesServed": [
      "Sacramento",
      "San Francisco",
      "Alameda",
      "Placer",
      "Yolo",
      "Sonoma"
    ],
    "contact": {
      "name": "Ryan Chan",
      "phone": "916-660-5779",
      "email": "nan",
      "website": "fivestarbank.com"
    },
    "notes": "nan"
  },
  {
    "id": 6,
    "name": "Community West Bank",
    "category": "Commercial & Regional Bank",
    "subcategory": "Regional Bank",
    "loanTypes": "SBA 7a, SBA 504, Conventional CRE, Equipment Financing, CalCAP",
    "minFICO": 680,
    "maxLoanSize": "$5M+",
    "minRevenue": "nan",
    "minTimeInBusiness": "nan",
    "targetProfile": "Conventional underwriting parameters mitigated by state guarantee programs.",
    "geographicFocus": "Fresno, Madera, Merced, San Joaquin, Sacramento, Stanislaus",
    "countiesServed": [
      "Fresno",
      "Madera",
      "Merced",
      "San Joaquin",
      "Sacramento",
      "Stanislaus"
    ],
    "contact": {
      "name": "Erin Carter",
      "phone": "559-323-3472",
      "email": "nan",
      "website": "communitywestbank.com"
    },
    "notes": "nan"
  },
  {
    "id": 7,
    "name": "Bank of the Orient",
    "category": "Commercial & Regional Bank",
    "subcategory": "Regional Bank",
    "loanTypes": "CalCAP Small Business, CalCAP Collateral Support, Commercial Lending",
    "minFICO": null,
    "maxLoanSize": "nan",
    "minRevenue": "nan",
    "minTimeInBusiness": "nan",
    "targetProfile": "Focuses on underserved and minority markets within the regional footprint.",
    "geographicFocus": "San Francisco and greater Bay Area",
    "countiesServed": [
      "San Francisco"
    ],
    "contact": {
      "name": "Inger Li",
      "phone": "415-338-0602",
      "email": "nan",
      "website": "bankorient.com"
    },
    "notes": "nan"
  },
  {
    "id": 8,
    "name": "First General Bank",
    "category": "Commercial & Regional Bank",
    "subcategory": "Regional Bank",
    "loanTypes": "SBA Lending, CalCAP Small Business",
    "minFICO": 680,
    "maxLoanSize": "nan",
    "minRevenue": "nan",
    "minTimeInBusiness": "nan",
    "targetProfile": "Standard regional commercial banking parameters.",
    "geographicFocus": "Northern and Southern California footprint",
    "countiesServed": [
      "Statewide"
    ],
    "contact": {
      "name": "Tony Chan",
      "phone": "626-820-1099 x138",
      "email": "nan",
      "website": "fgbusa.com"
    },
    "notes": "nan"
  },
  {
    "id": 9,
    "name": "United Business Bank",
    "category": "Commercial & Regional Bank",
    "subcategory": "Regional Bank",
    "loanTypes": "Quick Qualifier Program (QQP), CalCAP, SBA Lending",
    "minFICO": 680,
    "maxLoanSize": "nan",
    "minRevenue": "nan",
    "minTimeInBusiness": "nan",
    "targetProfile": "Target market includes low-to-moderate income census tracts.",
    "geographicFocus": "Sacramento, SF, Santa Clara, Alameda, Contra Costa",
    "countiesServed": [
      "Sacramento",
      "San Francisco",
      "Santa Clara",
      "Alameda",
      "Contra Costa"
    ],
    "contact": {
      "name": "Blanca Palmer / Peter Kim",
      "phone": "949-486-8769 / 714-736-5714",
      "email": "nan",
      "website": "unitedbusinessbank.com"
    },
    "notes": "nan"
  },
  {
    "id": 10,
    "name": "Mega Bank",
    "category": "Commercial & Regional Bank",
    "subcategory": "Regional Bank",
    "loanTypes": "SBA 7a, SBA 504, CalCAP Small Business",
    "minFICO": 680,
    "maxLoanSize": "nan",
    "minRevenue": "nan",
    "minTimeInBusiness": "nan",
    "targetProfile": "Commercial underwriting with an emphasis on SBA enhancements.",
    "geographicFocus": "Broad California presence",
    "countiesServed": [
      "Statewide"
    ],
    "contact": {
      "name": "Joseph Jung",
      "phone": "626-382-152",
      "email": "nan",
      "website": "megabankusa.com"
    },
    "notes": "nan"
  },
  {
    "id": 11,
    "name": "Murphy Bank",
    "category": "Commercial & Regional Bank",
    "subcategory": "Regional Bank",
    "loanTypes": "Small Business Lending, CalCAP",
    "minFICO": 680,
    "maxLoanSize": "nan",
    "minRevenue": "nan",
    "minTimeInBusiness": "nan",
    "targetProfile": "Regional commercial credit metrics.",
    "geographicFocus": "Central Valley footprint",
    "countiesServed": [
      "Central Valley"
    ],
    "contact": {
      "name": "Jose Herrera",
      "phone": "559-225-0318",
      "email": "nan",
      "website": "murphybank.com"
    },
    "notes": "nan"
  },
  {
    "id": 12,
    "name": "First Pacific Bank",
    "category": "Commercial & Regional Bank",
    "subcategory": "Regional Bank",
    "loanTypes": "Small Business Lending, CalCAP Collateral Support",
    "minFICO": 680,
    "maxLoanSize": "nan",
    "minRevenue": "nan",
    "minTimeInBusiness": "nan",
    "targetProfile": "Regional commercial credit metrics.",
    "geographicFocus": "California Statewide",
    "countiesServed": [
      "Statewide"
    ],
    "contact": {
      "name": "Carlos Salazar",
      "phone": "657-348-9657",
      "email": "nan",
      "website": "firstpacbank.com"
    },
    "notes": "nan"
  },
  {
    "id": 13,
    "name": "1st Northern California Credit Union",
    "category": "Credit Union",
    "subcategory": "State-Chartered CU",
    "loanTypes": "Commercial Real Estate, Equipment, Business Vehicles",
    "minFICO": 650,
    "maxLoanSize": "nan",
    "minRevenue": "nan",
    "minTimeInBusiness": "1-2 years",
    "targetProfile": "FICO ~650-680+. Relational underwriting. DFPI Regulated.",
    "geographicFocus": "Martinez, Contra Costa County",
    "countiesServed": [
      "Contra Costa"
    ],
    "contact": {
      "name": "David Green",
      "phone": "888-387-8636",
      "email": "nan",
      "website": "1stnorcalcu.org"
    },
    "notes": "nan"
  },
  {
    "id": 14,
    "name": "1st United Credit Union",
    "category": "Credit Union",
    "subcategory": "State-Chartered CU",
    "loanTypes": "Term Loans, Business Lines of Credit",
    "minFICO": 680,
    "maxLoanSize": "nan",
    "minRevenue": "nan",
    "minTimeInBusiness": "nan",
    "targetProfile": "Relational underwriting. DFPI Regulated.",
    "geographicFocus": "Pleasanton, Alameda County",
    "countiesServed": [
      "Alameda"
    ],
    "contact": {
      "name": "Stephen Stone",
      "phone": "925-598-4750",
      "email": "nan",
      "website": "nan"
    },
    "notes": "nan"
  },
  {
    "id": 15,
    "name": "Valley First Credit Union",
    "category": "Credit Union",
    "subcategory": "State-Chartered CU",
    "loanTypes": "SBA 7(a), SBA 504, Conventional CRE, Equipment, Microloans, CalCAP",
    "minFICO": 650,
    "maxLoanSize": "nan",
    "minRevenue": "nan",
    "minTimeInBusiness": "nan",
    "targetProfile": "Flexible underwriting, community focused.",
    "geographicFocus": "Modesto, Sacramento, San Joaquin, Fresno, Tulare, Tuolumne",
    "countiesServed": [
      "Stanislaus",
      "Sacramento",
      "San Joaquin",
      "Fresno",
      "Tulare",
      "Tuolumne"
    ],
    "contact": {
      "name": "Raymond McCaslin / Kathryn Davis",
      "phone": "209-303-1778 / 209-549-8500",
      "email": "nan",
      "website": "nan"
    },
    "notes": "nan"
  },
  {
    "id": 16,
    "name": "Coast Central Credit Union",
    "category": "Credit Union",
    "subcategory": "State-Chartered CU",
    "loanTypes": "Regional business lending, SBA linkages",
    "minFICO": 650,
    "maxLoanSize": "nan",
    "minRevenue": "nan",
    "minTimeInBusiness": "nan",
    "targetProfile": "Member-focused regional lending. DFPI Regulated.",
    "geographicFocus": "Eureka, Humboldt County, North Coast",
    "countiesServed": [
      "Humboldt"
    ],
    "contact": {
      "name": "James Sessa",
      "phone": "707-445-8801",
      "email": "nan",
      "website": "nan"
    },
    "notes": "nan"
  },
  {
    "id": 17,
    "name": "Community First Credit Union",
    "category": "Credit Union",
    "subcategory": "State-Chartered CU",
    "loanTypes": "Local business loans, commercial real estate",
    "minFICO": 650,
    "maxLoanSize": "nan",
    "minRevenue": "nan",
    "minTimeInBusiness": "nan",
    "targetProfile": "Community focused relational underwriting. DFPI Regulated.",
    "geographicFocus": "Santa Rosa, Sonoma County",
    "countiesServed": [
      "Sonoma"
    ],
    "contact": {
      "name": "Scott E. Johnson",
      "phone": "707-546-6000",
      "email": "nan",
      "website": "nan"
    },
    "notes": "nan"
  },
  {
    "id": 18,
    "name": "San Francisco Fire CU",
    "category": "Credit Union",
    "subcategory": "State-Chartered CU",
    "loanTypes": "Small business loans, specialized equipment",
    "minFICO": 650,
    "maxLoanSize": "nan",
    "minRevenue": "nan",
    "minTimeInBusiness": "nan",
    "targetProfile": "Relational underwriting. DFPI Regulated.",
    "geographicFocus": "San Francisco",
    "countiesServed": [
      "San Francisco"
    ],
    "contact": {
      "name": "Kathy Duvall",
      "phone": "415-674-4800",
      "email": "nan",
      "website": "nan"
    },
    "notes": "nan"
  },
  {
    "id": 19,
    "name": "Sierra Central Credit Union",
    "category": "Credit Union",
    "subcategory": "State-Chartered CU",
    "loanTypes": "Business checking, CRE, agricultural linkages",
    "minFICO": 650,
    "maxLoanSize": "nan",
    "minRevenue": "nan",
    "minTimeInBusiness": "nan",
    "targetProfile": "DFPI Regulated.",
    "geographicFocus": "Yuba City, Sutter and Yuba Counties",
    "countiesServed": [
      "Sutter",
      "Yuba"
    ],
    "contact": {
      "name": "Ron Sweeney",
      "phone": "800-222-7228",
      "email": "nan",
      "website": "nan"
    },
    "notes": "nan"
  },
  {
    "id": 20,
    "name": "Vision One Credit Union",
    "category": "Credit Union",
    "subcategory": "State-Chartered CU",
    "loanTypes": "Independent professional practice lending",
    "minFICO": 650,
    "maxLoanSize": "nan",
    "minRevenue": "nan",
    "minTimeInBusiness": "nan",
    "targetProfile": "DFPI Regulated.",
    "geographicFocus": "Sacramento",
    "countiesServed": [
      "Sacramento"
    ],
    "contact": {
      "name": "Kenneth Ferreira",
      "phone": "916-363-4293",
      "email": "nan",
      "website": "nan"
    },
    "notes": "nan"
  },
  {
    "id": 21,
    "name": "Compass Community Credit Union",
    "category": "Credit Union",
    "subcategory": "State-Chartered CU",
    "loanTypes": "SME financing, working capital",
    "minFICO": 650,
    "maxLoanSize": "nan",
    "minRevenue": "nan",
    "minTimeInBusiness": "nan",
    "targetProfile": "DFPI Regulated.",
    "geographicFocus": "Arcata, Humboldt County",
    "countiesServed": [
      "Humboldt"
    ],
    "contact": {
      "name": "Ray Litchfield",
      "phone": "707-443-8662",
      "email": "nan",
      "website": "nan"
    },
    "notes": "nan"
  },
  {
    "id": 22,
    "name": "Commonwealth Central Credit Union",
    "category": "Credit Union",
    "subcategory": "State-Chartered CU",
    "loanTypes": "Regional business financing",
    "minFICO": 650,
    "maxLoanSize": "nan",
    "minRevenue": "nan",
    "minTimeInBusiness": "nan",
    "targetProfile": "DFPI Regulated.",
    "geographicFocus": "San Jose, Santa Clara County",
    "countiesServed": [
      "Santa Clara"
    ],
    "contact": {
      "name": "Viktoria Earle",
      "phone": "408-531-3100",
      "email": "nan",
      "website": "nan"
    },
    "notes": "nan"
  },
  {
    "id": 23,
    "name": "North Bay Credit Union",
    "category": "Credit Union",
    "subcategory": "State-Chartered CU",
    "loanTypes": "Regional business financing, agricultural support",
    "minFICO": 650,
    "maxLoanSize": "nan",
    "minRevenue": "nan",
    "minTimeInBusiness": "nan",
    "targetProfile": "DFPI Regulated.",
    "geographicFocus": "Santa Rosa, Sonoma County",
    "countiesServed": [
      "Sonoma"
    ],
    "contact": {
      "name": "Darlene Brown",
      "phone": "707-584-0384",
      "email": "nan",
      "website": "nan"
    },
    "notes": "nan"
  },
  {
    "id": 24,
    "name": "Star One Credit Union",
    "category": "Credit Union",
    "subcategory": "State-Chartered CU",
    "loanTypes": "Tech-centric regional business lending",
    "minFICO": 650,
    "maxLoanSize": "nan",
    "minRevenue": "nan",
    "minTimeInBusiness": "nan",
    "targetProfile": "DFPI Regulated.",
    "geographicFocus": "Sunnyvale, Santa Clara County",
    "countiesServed": [
      "Santa Clara"
    ],
    "contact": {
      "name": "Minal Gupta",
      "phone": "408-543-5202",
      "email": "nan",
      "website": "nan"
    },
    "notes": "nan"
  },
  {
    "id": 25,
    "name": "Bay Cities Credit Union",
    "category": "Credit Union",
    "subcategory": "State-Chartered CU",
    "loanTypes": "SME financing, working capital",
    "minFICO": 650,
    "maxLoanSize": "nan",
    "minRevenue": "nan",
    "minTimeInBusiness": "nan",
    "targetProfile": "DFPI Regulated.",
    "geographicFocus": "Hayward, Alameda County",
    "countiesServed": [
      "Alameda"
    ],
    "contact": {
      "name": "Georgette Munoz",
      "phone": "510-690-6100",
      "email": "nan",
      "website": "nan"
    },
    "notes": "nan"
  },
  {
    "id": 26,
    "name": "Atchison Village Credit Union",
    "category": "Credit Union",
    "subcategory": "State-Chartered CU",
    "loanTypes": "Localized small business lending",
    "minFICO": 650,
    "maxLoanSize": "nan",
    "minRevenue": "nan",
    "minTimeInBusiness": "nan",
    "targetProfile": "DFPI Regulated.",
    "geographicFocus": "Richmond, Contra Costa County",
    "countiesServed": [
      "Contra Costa"
    ],
    "contact": {
      "name": "Cecilia Heredia-Rocha",
      "phone": "510-233-3218",
      "email": "nan",
      "website": "nan"
    },
    "notes": "nan"
  },
  {
    "id": 27,
    "name": "Technology Credit Union",
    "category": "Credit Union",
    "subcategory": "State-Chartered CU",
    "loanTypes": "Regional business financing",
    "minFICO": 650,
    "maxLoanSize": "nan",
    "minRevenue": "nan",
    "minTimeInBusiness": "nan",
    "targetProfile": "DFPI Regulated.",
    "geographicFocus": "San Jose, Santa Clara County",
    "countiesServed": [
      "Santa Clara"
    ],
    "contact": {
      "name": "Todd Harris",
      "phone": "408-451-9111",
      "email": "nan",
      "website": "nan"
    },
    "notes": "nan"
  },
  {
    "id": 28,
    "name": "Travis Credit Union",
    "category": "Credit Union",
    "subcategory": "State-Chartered CU",
    "loanTypes": "Regional business financing",
    "minFICO": 650,
    "maxLoanSize": "nan",
    "minRevenue": "nan",
    "minTimeInBusiness": "nan",
    "targetProfile": "DFPI Regulated.",
    "geographicFocus": "Vacaville, Solano County",
    "countiesServed": [
      "Solano"
    ],
    "contact": {
      "name": "Kevin Miller",
      "phone": "800-877-8328",
      "email": "nan",
      "website": "nan"
    },
    "notes": "nan"
  },
  {
    "id": 29,
    "name": "UNCLE Credit Union",
    "category": "Credit Union",
    "subcategory": "State-Chartered CU",
    "loanTypes": "Regional business financing",
    "minFICO": 650,
    "maxLoanSize": "nan",
    "minRevenue": "nan",
    "minTimeInBusiness": "nan",
    "targetProfile": "DFPI Regulated.",
    "geographicFocus": "Livermore, Alameda County",
    "countiesServed": [
      "Alameda"
    ],
    "contact": {
      "name": "Harold Roundtree",
      "phone": "925-447-5001",
      "email": "nan",
      "website": "nan"
    },
    "notes": "nan"
  },
  {
    "id": 30,
    "name": "United Association Credit Union",
    "category": "Credit Union",
    "subcategory": "State-Chartered CU",
    "loanTypes": "Regional business financing",
    "minFICO": 650,
    "maxLoanSize": "nan",
    "minRevenue": "nan",
    "minTimeInBusiness": "nan",
    "targetProfile": "DFPI Regulated.",
    "geographicFocus": "Concord, Contra Costa County",
    "countiesServed": [
      "Contra Costa"
    ],
    "contact": {
      "name": "Rawnie Thomas",
      "phone": "925-686-1044",
      "email": "nan",
      "website": "nan"
    },
    "notes": "nan"
  },
  {
    "id": 31,
    "name": "C.A.H.P. Credit Union",
    "category": "Credit Union",
    "subcategory": "State-Chartered CU",
    "loanTypes": "Localized SME financing",
    "minFICO": 650,
    "maxLoanSize": "nan",
    "minRevenue": "nan",
    "minTimeInBusiness": "nan",
    "targetProfile": "DFPI Regulated.",
    "geographicFocus": "Sacramento",
    "countiesServed": [
      "Sacramento"
    ],
    "contact": {
      "name": "Audrey Pappas",
      "phone": "916-362-4191",
      "email": "nan",
      "website": "nan"
    },
    "notes": "nan"
  },
  {
    "id": 32,
    "name": "California Community Credit Union",
    "category": "Credit Union",
    "subcategory": "State-Chartered CU",
    "loanTypes": "Localized SME financing",
    "minFICO": 650,
    "maxLoanSize": "nan",
    "minRevenue": "nan",
    "minTimeInBusiness": "nan",
    "targetProfile": "DFPI Regulated.",
    "geographicFocus": "Sacramento",
    "countiesServed": [
      "Sacramento"
    ],
    "contact": {
      "name": "Marcy Cole-King",
      "phone": "916-386-1418",
      "email": "nan",
      "website": "nan"
    },
    "notes": "nan"
  },
  {
    "id": 33,
    "name": "Central State Credit Union",
    "category": "Credit Union",
    "subcategory": "State-Chartered CU",
    "loanTypes": "Localized SME financing",
    "minFICO": 650,
    "maxLoanSize": "nan",
    "minRevenue": "nan",
    "minTimeInBusiness": "nan",
    "targetProfile": "DFPI Regulated.",
    "geographicFocus": "Stockton, San Joaquin County",
    "countiesServed": [
      "San Joaquin"
    ],
    "contact": {
      "name": "Paul Kramer",
      "phone": "209-444-5300",
      "email": "nan",
      "website": "nan"
    },
    "notes": "nan"
  },
  {
    "id": 34,
    "name": "Meriwest Credit Union",
    "category": "Credit Union",
    "subcategory": "State-Chartered CU",
    "loanTypes": "Regional business financing",
    "minFICO": 650,
    "maxLoanSize": "nan",
    "minRevenue": "nan",
    "minTimeInBusiness": "nan",
    "targetProfile": "DFPI Regulated.",
    "geographicFocus": "San Jose, Santa Clara County",
    "countiesServed": [
      "Santa Clara"
    ],
    "contact": {
      "name": "Lisa Pesta",
      "phone": "408-972-5222",
      "email": "nan",
      "website": "nan"
    },
    "notes": "nan"
  },
  {
    "id": 35,
    "name": "Monterra Credit Union",
    "category": "Credit Union",
    "subcategory": "State-Chartered CU",
    "loanTypes": "Regional business financing",
    "minFICO": 650,
    "maxLoanSize": "nan",
    "minRevenue": "nan",
    "minTimeInBusiness": "nan",
    "targetProfile": "DFPI Regulated.",
    "geographicFocus": "Redwood City, San Mateo County",
    "countiesServed": [
      "San Mateo"
    ],
    "contact": {
      "name": "Wade Painter",
      "phone": "650-363-1725",
      "email": "nan",
      "website": "nan"
    },
    "notes": "nan"
  },
  {
    "id": 36,
    "name": "Pacific Service Credit Union",
    "category": "Credit Union",
    "subcategory": "State-Chartered CU",
    "loanTypes": "Regional business financing",
    "minFICO": 650,
    "maxLoanSize": "nan",
    "minRevenue": "nan",
    "minTimeInBusiness": "nan",
    "targetProfile": "DFPI Regulated.",
    "geographicFocus": "Concord, Contra Costa County",
    "countiesServed": [
      "Contra Costa"
    ],
    "contact": {
      "name": "Jenna Lampson",
      "phone": "925-609-5000",
      "email": "nan",
      "website": "nan"
    },
    "notes": "nan"
  },
  {
    "id": 37,
    "name": "Golden 1 Credit Union",
    "category": "Credit Union",
    "subcategory": "Regional CU",
    "loanTypes": "Community lending, business accounts",
    "minFICO": 650,
    "maxLoanSize": "nan",
    "minRevenue": "nan",
    "minTimeInBusiness": "nan",
    "targetProfile": "Broad community lending.",
    "geographicFocus": "Sacramento HQ / California Statewide",
    "countiesServed": [
      "Statewide"
    ],
    "contact": {
      "name": "nan",
      "phone": "nan",
      "email": "nan",
      "website": "golden1.com"
    },
    "notes": "nan"
  },
  {
    "id": 38,
    "name": "Sacramento Credit Union",
    "category": "Credit Union",
    "subcategory": "Regional CU",
    "loanTypes": "Regional lending",
    "minFICO": 650,
    "maxLoanSize": "nan",
    "minRevenue": "nan",
    "minTimeInBusiness": "nan",
    "targetProfile": "Highly rated regional lending.",
    "geographicFocus": "Sacramento",
    "countiesServed": [
      "Sacramento"
    ],
    "contact": {
      "name": "nan",
      "phone": "nan",
      "email": "nan",
      "website": "nan"
    },
    "notes": "Newsweek ranked"
  },
  {
    "id": 39,
    "name": "San Francisco Credit Union",
    "category": "Credit Union",
    "subcategory": "Regional CU",
    "loanTypes": "Regional lending",
    "minFICO": 650,
    "maxLoanSize": "nan",
    "minRevenue": "nan",
    "minTimeInBusiness": "nan",
    "targetProfile": "Highly rated regional lending.",
    "geographicFocus": "San Francisco",
    "countiesServed": [
      "San Francisco"
    ],
    "contact": {
      "name": "nan",
      "phone": "nan",
      "email": "nan",
      "website": "nan"
    },
    "notes": "Newsweek ranked"
  },
  {
    "id": 40,
    "name": "Working Solutions CDFI",
    "category": "CDFI & Mission-Driven",
    "subcategory": "CDFI / Non-Profit",
    "loanTypes": "Affordable Microloans, Startups, CalCAP Collateral Support",
    "minFICO": null,
    "maxLoanSize": "$100K",
    "minRevenue": "nan",
    "minTimeInBusiness": "nan",
    "targetProfile": "$5k-$100k. Holistic underwriting without strict minimum FICO. Focus on systemically underfinanced communities.",
    "geographicFocus": "20+ NorCal Counties (Alameda, SF, Sacramento, Marin, etc.)",
    "countiesServed": [
      "Alameda",
      "San Francisco",
      "Sacramento",
      "Marin",
      "Contra Costa",
      "San Mateo",
      "Santa Clara",
      "Solano",
      "Sonoma",
      "Napa"
    ],
    "contact": {
      "name": "Gasper Magallanes",
      "phone": "415-655-5448",
      "email": "nan",
      "website": "workingsolutions.org"
    },
    "notes": "nan"
  },
  {
    "id": 41,
    "name": "Pacific Community Ventures",
    "category": "CDFI & Mission-Driven",
    "subcategory": "Mission-Driven Lender",
    "loanTypes": "Small Business Loans, Expansion, Equipment",
    "minFICO": null,
    "maxLoanSize": "$500K",
    "minRevenue": "nan",
    "minTimeInBusiness": "12 months",
    "targetProfile": "No minimum credit score requirement. Provides free business advising.",
    "geographicFocus": "California Statewide",
    "countiesServed": [
      "Statewide"
    ],
    "contact": {
      "name": "nan",
      "phone": "nan",
      "email": "nan",
      "website": "pacificcommunityventures.org/small-business-loans/"
    },
    "notes": "nan"
  },
  {
    "id": 42,
    "name": "North Edge Financing",
    "category": "CDFI & Mission-Driven",
    "subcategory": "SBA Microlender",
    "loanTypes": "SBA Microloans (Affiliate of Arcata EDC)",
    "minFICO": null,
    "maxLoanSize": "$50K",
    "minRevenue": "nan",
    "minTimeInBusiness": "nan",
    "targetProfile": "Alternative credit metrics, strong technical assistance.",
    "geographicFocus": "Eureka, Humboldt County, North Coast",
    "countiesServed": [
      "Humboldt"
    ],
    "contact": {
      "name": "Kelli",
      "phone": "707-798-6132",
      "email": "nan",
      "website": "northedgefinancing.org"
    },
    "notes": "nan"
  },
  {
    "id": 43,
    "name": "TMC Community Capital",
    "category": "CDFI & Mission-Driven",
    "subcategory": "CDFI / Non-Profit",
    "loanTypes": "Micro-lending, CalCAP Small Business",
    "minFICO": null,
    "maxLoanSize": "$50K+",
    "minRevenue": "nan",
    "minTimeInBusiness": "nan",
    "targetProfile": "$5k-$50k+. Focuses on underserved populations, specifically female entrepreneurs.",
    "geographicFocus": "Northern California / Statewide",
    "countiesServed": [
      "Statewide"
    ],
    "contact": {
      "name": "Vasana Ly",
      "phone": "415-655-5419",
      "email": "nan",
      "website": "tmccommunitycapital.org"
    },
    "notes": "nan"
  },
  {
    "id": 44,
    "name": "Global Finance CDFI, LLC",
    "category": "CDFI & Mission-Driven",
    "subcategory": "CDFI",
    "loanTypes": "IBank SBLGP, CalCAP, ZEHDI (Zero Emission)",
    "minFICO": null,
    "maxLoanSize": "$6.25M",
    "minRevenue": "nan",
    "minTimeInBusiness": "nan",
    "targetProfile": "$50k-$6.25M. Responsible financial products for underserved communities.",
    "geographicFocus": "California Statewide",
    "countiesServed": [
      "Statewide"
    ],
    "contact": {
      "name": "Steve Zuck",
      "phone": "714-421-5485",
      "email": "nan",
      "website": "globalcdfi.com"
    },
    "notes": "nan"
  },
  {
    "id": 45,
    "name": "Lendistry, LLC",
    "category": "CDFI & Mission-Driven",
    "subcategory": "Minority-Led CDFI",
    "loanTypes": "Term Loans, Grant Administration, CalCAP",
    "minFICO": null,
    "maxLoanSize": "$5M",
    "minRevenue": "nan",
    "minTimeInBusiness": "nan",
    "targetProfile": "$25k-$5M. Flexible alternative underwriting with higher risk tolerance than traditional banks.",
    "geographicFocus": "California Statewide",
    "countiesServed": [
      "Statewide"
    ],
    "contact": {
      "name": "Kent Monfore",
      "phone": "562-475-4103",
      "email": "nan",
      "website": "lendistry.com"
    },
    "notes": "nan"
  },
  {
    "id": 46,
    "name": "Economic Development & Financing Corp (EDFC)",
    "category": "CDFI & Mission-Driven",
    "subcategory": "Economic Development Corp",
    "loanTypes": "Small Business, CalCAP Collateral Support",
    "minFICO": null,
    "maxLoanSize": "nan",
    "minRevenue": "nan",
    "minTimeInBusiness": "nan",
    "targetProfile": "Varied loan sizes. Focuses heavily on rural economic development and localized business retention.",
    "geographicFocus": "Lake and Mendocino Counties",
    "countiesServed": [
      "Lake",
      "Mendocino"
    ],
    "contact": {
      "name": "Robert Gernert",
      "phone": "707-234-5705",
      "email": "nan",
      "website": "edfc.org"
    },
    "notes": "nan"
  },
  {
    "id": 47,
    "name": "Opening Doors",
    "category": "CDFI & Mission-Driven",
    "subcategory": "Non-Profit Microlender",
    "loanTypes": "SBA Microloans, CalCAP",
    "minFICO": null,
    "maxLoanSize": "$50K",
    "minRevenue": "nan",
    "minTimeInBusiness": "nan",
    "targetProfile": "Startups and micro-enterprises. Emphasizes immigrant and refugee economic integration.",
    "geographicFocus": "El Dorado, Placer, Sacramento, Yolo",
    "countiesServed": [
      "El Dorado",
      "Placer",
      "Sacramento",
      "Yolo"
    ],
    "contact": {
      "name": "nan",
      "phone": "916-492-2591",
      "email": "nan",
      "website": "openingdoorsinc.org"
    },
    "notes": "nan"
  },
  {
    "id": 48,
    "name": "Main Street Launch",
    "category": "CDFI & Mission-Driven",
    "subcategory": "CDFI",
    "loanTypes": "SBA Microloans, Community Advantage Loans",
    "minFICO": null,
    "maxLoanSize": "nan",
    "minRevenue": "nan",
    "minTimeInBusiness": "nan",
    "targetProfile": "Focus on diverse business owners and commercial corridor revitalization.",
    "geographicFocus": "SF Bay Area, Oakland",
    "countiesServed": [
      "San Francisco",
      "Alameda"
    ],
    "contact": {
      "name": "nan",
      "phone": "nan",
      "email": "nan",
      "website": "mainstreetlaunch.org"
    },
    "notes": "nan"
  },
  {
    "id": 49,
    "name": "Fresno Area Hispanic Foundation (Access Plus Capital)",
    "category": "CDFI & Mission-Driven",
    "subcategory": "CDFI",
    "loanTypes": "Microloans, CalCAP Collateral Support",
    "minFICO": null,
    "maxLoanSize": "nan",
    "minRevenue": "nan",
    "minTimeInBusiness": "nan",
    "targetProfile": "Serves the Central San Joaquin Valley. Focus on Hispanic and minority-owned enterprises.",
    "geographicFocus": "Fresno, Central Valley",
    "countiesServed": [
      "Fresno"
    ],
    "contact": {
      "name": "Yeng Her",
      "phone": "559-552-4318",
      "email": "nan",
      "website": "accesspluscapital.com"
    },
    "notes": "nan"
  },
  {
    "id": 50,
    "name": "California FarmLink",
    "category": "CDFI & Mission-Driven",
    "subcategory": "CDFI",
    "loanTypes": "Agricultural Microloans",
    "minFICO": null,
    "maxLoanSize": "nan",
    "minRevenue": "nan",
    "minTimeInBusiness": "nan",
    "targetProfile": "Focuses on independent farmers, sustainable agriculture, and rural food systems.",
    "geographicFocus": "Northern and Central California",
    "countiesServed": [
      "Multi-county agricultural regions"
    ],
    "contact": {
      "name": "nan",
      "phone": "nan",
      "email": "nan",
      "website": "nan"
    },
    "notes": "nan"
  },
  {
    "id": 51,
    "name": "Accion Opportunity Fund",
    "category": "CDFI & Mission-Driven",
    "subcategory": "CDFI",
    "loanTypes": "Microloans, Term Loans, CalCAP",
    "minFICO": null,
    "maxLoanSize": "nan",
    "minRevenue": "nan",
    "minTimeInBusiness": "nan",
    "targetProfile": "Flexible underwriting for low-to-moderate income business owners.",
    "geographicFocus": "California Statewide",
    "countiesServed": [
      "Statewide"
    ],
    "contact": {
      "name": "nan",
      "phone": "866-299-8173",
      "email": "nan",
      "website": "aofund.org"
    },
    "notes": "nan"
  },
  {
    "id": 52,
    "name": "RSF Social Finance",
    "category": "CDFI & Mission-Driven",
    "subcategory": "Mission-Driven Lender",
    "loanTypes": "Secured Debt Loans, CalCAP, ZEHDV",
    "minFICO": null,
    "maxLoanSize": "$5M",
    "minRevenue": "nan",
    "minTimeInBusiness": "nan",
    "targetProfile": "$500k-$5M. Focuses on food/agriculture, climate/energy, and education impact areas.",
    "geographicFocus": "California Statewide",
    "countiesServed": [
      "Statewide"
    ],
    "contact": {
      "name": "Michael Jones",
      "phone": "415-561-6195",
      "email": "nan",
      "website": "rsfsocialfinance.org"
    },
    "notes": "nan"
  },
  {
    "id": 53,
    "name": "Apoyo Financiero Inc.",
    "category": "CDFI & Mission-Driven",
    "subcategory": "CDFI",
    "loanTypes": "Micro-lending",
    "minFICO": null,
    "maxLoanSize": "nan",
    "minRevenue": "nan",
    "minTimeInBusiness": "nan",
    "targetProfile": "Focuses on the unbanked Hispanic community.",
    "geographicFocus": "Concord / East Bay",
    "countiesServed": [
      "Contra Costa"
    ],
    "contact": {
      "name": "nan",
      "phone": "nan",
      "email": "nan",
      "website": "nan"
    },
    "notes": "nan"
  },
  {
    "id": 54,
    "name": "California Capital FDC",
    "category": "State-Supported (CalCAP/FDC)",
    "subcategory": "Financial Development Corporation",
    "loanTypes": "IBank State Loan Guarantees, California Loan Match Program, Direct Lending, Technical Assistance",
    "minFICO": null,
    "maxLoanSize": "$5M (guarantee)",
    "minRevenue": "nan",
    "minTimeInBusiness": "nan",
    "targetProfile": "Translates high-risk entrepreneurial endeavors into secure, bankable assets via guarantees.",
    "geographicFocus": "Sacramento, Stockton, Yuba City, Yolo, Nevada, Placer, El Dorado",
    "countiesServed": [
      "Sacramento",
      "San Joaquin",
      "Sutter",
      "Yolo",
      "Nevada",
      "Placer",
      "El Dorado"
    ],
    "contact": {
      "name": "Robert Gonzales",
      "phone": "805-450-5736",
      "email": "nan",
      "website": "cacapital.org"
    },
    "notes": "nan"
  },
  {
    "id": 55,
    "name": "Nor-Cal Financial Development Corp.",
    "category": "State-Supported (CalCAP/FDC)",
    "subcategory": "Financial Development Corporation",
    "loanTypes": "Facilitates IBank Loan Guarantees, connects borrowers with commercial banks",
    "minFICO": null,
    "maxLoanSize": "nan",
    "minRevenue": "nan",
    "minTimeInBusiness": "nan",
    "targetProfile": "Risk mitigation for commercial lenders.",
    "geographicFocus": "Oakland, San Francisco Bay Area",
    "countiesServed": [
      "Alameda",
      "San Francisco"
    ],
    "contact": {
      "name": "nan",
      "phone": "510-698-2080",
      "email": "nan",
      "website": "nan"
    },
    "notes": "nan"
  },
  {
    "id": 56,
    "name": "California Coastal Rural Development Corp.",
    "category": "State-Supported (CalCAP/FDC)",
    "subcategory": "Financial Development Corporation",
    "loanTypes": "Agricultural and rural business guarantees, commercial linkages",
    "minFICO": null,
    "maxLoanSize": "nan",
    "minRevenue": "nan",
    "minTimeInBusiness": "nan",
    "targetProfile": "Agricultural and rural business focus.",
    "geographicFocus": "Salinas, Santa Cruz, Monterey, Central Coast",
    "countiesServed": [
      "Santa Cruz",
      "Monterey"
    ],
    "contact": {
      "name": "nan",
      "phone": "831-424-1099",
      "email": "nan",
      "website": "nan"
    },
    "notes": "nan"
  },
  {
    "id": 57,
    "name": "Valley Small Business Development Corp.",
    "category": "State-Supported (CalCAP/FDC)",
    "subcategory": "Financial Development Corporation",
    "loanTypes": "IBank Guarantees, agricultural lending support",
    "minFICO": null,
    "maxLoanSize": "nan",
    "minRevenue": "nan",
    "minTimeInBusiness": "nan",
    "targetProfile": "Agricultural lending support.",
    "geographicFocus": "Fresno, Hanford, Central San Joaquin Valley",
    "countiesServed": [
      "Fresno",
      "Kings"
    ],
    "contact": {
      "name": "nan",
      "phone": "559-438-9680",
      "email": "nan",
      "website": "nan"
    },
    "notes": "nan"
  },
  {
    "id": 58,
    "name": "3CORE",
    "category": "State-Supported (CalCAP/FDC)",
    "subcategory": "CalCAP PFI / Economic Development",
    "loanTypes": "Small Business Lending",
    "minFICO": null,
    "maxLoanSize": "nan",
    "minRevenue": "nan",
    "minTimeInBusiness": "nan",
    "targetProfile": "Economic development focus.",
    "geographicFocus": "Butte, Glenn, Tehama Counties",
    "countiesServed": [
      "Butte",
      "Glenn",
      "Tehama"
    ],
    "contact": {
      "name": "Patty Hess",
      "phone": "530-893-8732 x203",
      "email": "nan",
      "website": "3coreedc.org"
    },
    "notes": "nan"
  },
  {
    "id": 59,
    "name": "Crossroads Equipment Lease & Finance",
    "category": "State-Supported (CalCAP/FDC)",
    "subcategory": "CalCAP PFI / Equipment Financier",
    "loanTypes": "CalCAP Small Business, Collateral Support, ZEHDV",
    "minFICO": null,
    "maxLoanSize": "nan",
    "minRevenue": "nan",
    "minTimeInBusiness": "nan",
    "targetProfile": "Specialized equipment financing utilizing state guarantee programs.",
    "geographicFocus": "California Statewide",
    "countiesServed": [
      "Statewide"
    ],
    "contact": {
      "name": "Missy Gomez",
      "phone": "909-477-0179",
      "email": "nan",
      "website": "crlease.com"
    },
    "notes": "nan"
  },
  {
    "id": 60,
    "name": "Isuzu Finance of America, Inc.",
    "category": "State-Supported (CalCAP/FDC)",
    "subcategory": "CalCAP PFI / Equipment Financier",
    "loanTypes": "CalCAP Collateral Support, ZEHDV. Commercial vehicle financing and leasing.",
    "minFICO": null,
    "maxLoanSize": "nan",
    "minRevenue": "nan",
    "minTimeInBusiness": "nan",
    "targetProfile": "Commercial vehicle financing.",
    "geographicFocus": "California Statewide",
    "countiesServed": [
      "Statewide"
    ],
    "contact": {
      "name": "Jim DeFrank",
      "phone": "914-960-6691",
      "email": "nan",
      "website": "isuzufin.com"
    },
    "notes": "nan"
  },
  {
    "id": 61,
    "name": "Verdant Commercial Capital LLC",
    "category": "State-Supported (CalCAP/FDC)",
    "subcategory": "CalCAP PFI / Equipment Financier",
    "loanTypes": "CalCAP Small Business, Collateral Support, ZEHDV",
    "minFICO": null,
    "maxLoanSize": "nan",
    "minRevenue": "nan",
    "minTimeInBusiness": "nan",
    "targetProfile": "Equipment financing.",
    "geographicFocus": "California Statewide",
    "countiesServed": [
      "Statewide"
    ],
    "contact": {
      "name": "Josh Patton",
      "phone": "586-201-9699",
      "email": "nan",
      "website": "verdantcc.com"
    },
    "notes": "nan"
  },
  {
    "id": 62,
    "name": "VFS US LLC (Volvo Financial)",
    "category": "State-Supported (CalCAP/FDC)",
    "subcategory": "CalCAP PFI / Equipment Financier",
    "loanTypes": "Financing for Volvo Group trucks and construction equipment, ZEHDV",
    "minFICO": null,
    "maxLoanSize": "nan",
    "minRevenue": "nan",
    "minTimeInBusiness": "nan",
    "targetProfile": "Volvo Group product financing.",
    "geographicFocus": "California Statewide",
    "countiesServed": [
      "Statewide"
    ],
    "contact": {
      "name": "Michael Drane",
      "phone": "919-328-0352",
      "email": "nan",
      "website": "volvofinancialservices.com/us/"
    },
    "notes": "nan"
  },
  {
    "id": 63,
    "name": "Regions Bank (Ascentium Capital)",
    "category": "State-Supported (CalCAP/FDC)",
    "subcategory": "CalCAP PFI",
    "loanTypes": "Term loans, leases, working capital, ZEHDV, Collateral Support",
    "minFICO": null,
    "maxLoanSize": "nan",
    "minRevenue": "nan",
    "minTimeInBusiness": "nan",
    "targetProfile": "Broad equipment and working capital financing.",
    "geographicFocus": "California Statewide",
    "countiesServed": [
      "Statewide"
    ],
    "contact": {
      "name": "Stephen Interlicchio",
      "phone": "281-902-1999",
      "email": "nan",
      "website": "ascentiumcapital.com"
    },
    "notes": "nan"
  },
  {
    "id": 64,
    "name": "SLIM Capital LLC",
    "category": "State-Supported (CalCAP/FDC)",
    "subcategory": "CalCAP PFI",
    "loanTypes": "Small Business, Collateral Support, ZEHDV",
    "minFICO": null,
    "maxLoanSize": "nan",
    "minRevenue": "nan",
    "minTimeInBusiness": "nan",
    "targetProfile": "nan",
    "geographicFocus": "California Statewide",
    "countiesServed": [
      "Statewide"
    ],
    "contact": {
      "name": "Shervin Rashti",
      "phone": "310-499-2506",
      "email": "nan",
      "website": "slimcapital.com"
    },
    "notes": "nan"
  },
  {
    "id": 65,
    "name": "Innovative Lease Services, Inc.",
    "category": "State-Supported (CalCAP/FDC)",
    "subcategory": "CalCAP PFI",
    "loanTypes": "Equipment leasing, Small Business, Collateral Support",
    "minFICO": null,
    "maxLoanSize": "nan",
    "minRevenue": "nan",
    "minTimeInBusiness": "nan",
    "targetProfile": "Equipment leasing specialist.",
    "geographicFocus": "California Statewide",
    "countiesServed": [
      "Statewide"
    ],
    "contact": {
      "name": "Nora Nere",
      "phone": "800-438-1470 x104",
      "email": "nan",
      "website": "ilslease.com/equipment-lease/"
    },
    "notes": "nan"
  },
  {
    "id": 66,
    "name": "Capital Access Group",
    "category": "SBA 504 CDC",
    "subcategory": "Certified Development Company",
    "loanTypes": "SBA 504 exclusively (Heavy fixed assets, CRE)",
    "minFICO": null,
    "maxLoanSize": "$5.5M (SBA portion)",
    "minRevenue": "Net worth < $20M",
    "minTimeInBusiness": "nan",
    "targetProfile": "Net worth < $20M; Net income < $6.5M. Focus on job creation and facility acquisition.",
    "geographicFocus": "San Francisco HQ, serving NorCal",
    "countiesServed": [
      "San Francisco",
      "broader NorCal"
    ],
    "contact": {
      "name": "J. Jordan",
      "phone": "415-217-7600",
      "email": "jjordan@capitalaccess.com",
      "website": "nan"
    },
    "notes": "nan"
  },
  {
    "id": 67,
    "name": "Bay Area Employment Development Co.",
    "category": "SBA 504 CDC",
    "subcategory": "Certified Development Company",
    "loanTypes": "SBA 504 exclusively",
    "minFICO": null,
    "maxLoanSize": "$5.5M (SBA portion)",
    "minRevenue": "Net worth < $20M",
    "minTimeInBusiness": "nan",
    "targetProfile": "Expertise in heavy machinery and commercial real estate transactions.",
    "geographicFocus": "Concord, serving SF Bay Area and East Bay",
    "countiesServed": [
      "Contra Costa",
      "Alameda",
      "San Francisco"
    ],
    "contact": {
      "name": "R. Grant",
      "phone": "925-926-1020",
      "email": "RGrant@baydevco.com",
      "website": "nan"
    },
    "notes": "nan"
  },
  {
    "id": 68,
    "name": "Advantage CDC",
    "category": "SBA 504 CDC",
    "subcategory": "Certified Development Company",
    "loanTypes": "SBA 504 exclusively",
    "minFICO": null,
    "maxLoanSize": "$5.5M (SBA portion)",
    "minRevenue": "Net worth < $20M",
    "minTimeInBusiness": "nan",
    "targetProfile": "Coordinates with regional banking partners to assemble the 50/40/10 structure.",
    "geographicFocus": "Statewide reach with Northern California operations",
    "countiesServed": [
      "Statewide"
    ],
    "contact": {
      "name": "A. Shafique",
      "phone": "562-983-7450",
      "email": "ashafique@advantagecdc.org",
      "website": "nan"
    },
    "notes": "nan"
  },
  {
    "id": 69,
    "name": "Arcata Economic Development Corp (AEDC)",
    "category": "SBA 504 CDC",
    "subcategory": "CDC / CDFI dual designation",
    "loanTypes": "SBA 504, Community Lending",
    "minFICO": null,
    "maxLoanSize": "$5.5M (SBA portion)",
    "minRevenue": "Net worth < $20M",
    "minTimeInBusiness": "nan",
    "targetProfile": "Specialized focus on rural economic development and industrial expansion.",
    "geographicFocus": "Eureka, Humboldt County, and the broader North Coast",
    "countiesServed": [
      "Humboldt"
    ],
    "contact": {
      "name": "Kelli",
      "phone": "707-798-6132",
      "email": "kelli@northedgefinancing.org",
      "website": "nan"
    },
    "notes": "nan"
  },
  {
    "id": 70,
    "name": "Hercules Capital",
    "category": "Private Equity & Venture Debt",
    "subcategory": "Venture Debt",
    "loanTypes": "Senior Secured Loans ($5M+)",
    "minFICO": null,
    "maxLoanSize": "nan",
    "minRevenue": "nan",
    "minTimeInBusiness": "nan",
    "targetProfile": "Technology, Life Sciences. Targets high-growth companies backed by top-tier VC.",
    "geographicFocus": "Palo Alto / SF Bay Area",
    "countiesServed": [
      "Santa Clara",
      "San Francisco"
    ],
    "contact": {
      "name": "nan",
      "phone": "nan",
      "email": "nan",
      "website": "htgc.com"
    },
    "notes": "nan"
  },
  {
    "id": 71,
    "name": "Customers Bank (Tech & Venture Group)",
    "category": "Private Equity & Venture Debt",
    "subcategory": "Venture Bank",
    "loanTypes": "Venture Debt, Equipment Financing ($2M-$100M)",
    "minFICO": null,
    "maxLoanSize": "$100M",
    "minRevenue": "nan",
    "minTimeInBusiness": "nan",
    "targetProfile": "Startups, SaaS, recurring revenue models. Must possess compelling business plan and VC backing.",
    "geographicFocus": "Palo Alto",
    "countiesServed": [
      "Santa Clara"
    ],
    "contact": {
      "name": "nan",
      "phone": "nan",
      "email": "nan",
      "website": "customersbank.com"
    },
    "notes": "nan"
  },
  {
    "id": 72,
    "name": "Banc of California",
    "category": "Private Equity & Venture Debt",
    "subcategory": "Venture Bank",
    "loanTypes": "Venture Banking, Fund Finance, Corporate Asset Finance",
    "minFICO": null,
    "maxLoanSize": "nan",
    "minRevenue": "nan",
    "minTimeInBusiness": "nan",
    "targetProfile": "Technology, Life Sciences, Seed/Early Stage innovators. Non-dilutive working capital lines.",
    "geographicFocus": "California Statewide",
    "countiesServed": [
      "Statewide"
    ],
    "contact": {
      "name": "nan",
      "phone": "nan",
      "email": "nan",
      "website": "bancofcal.com"
    },
    "notes": "nan"
  },
  {
    "id": 73,
    "name": "San Francisco Equity Partners",
    "category": "Private Equity & Venture Debt",
    "subcategory": "Private Equity",
    "loanTypes": "Growth Equity, Control / Significant Minority Buyouts ($15M-$40M)",
    "minFICO": null,
    "maxLoanSize": "nan",
    "minRevenue": "$15M-$100M revenue",
    "minTimeInBusiness": "nan",
    "targetProfile": "Consumer Brands, Pet Care, F&B. Targets $3M-$15M EBITDA.",
    "geographicFocus": "San Francisco",
    "countiesServed": [
      "San Francisco"
    ],
    "contact": {
      "name": "nan",
      "phone": "nan",
      "email": "nan",
      "website": "sfequitypartners.com"
    },
    "notes": "nan"
  },
  {
    "id": 74,
    "name": "Sonoma Brands Capital",
    "category": "Private Equity & Venture Debt",
    "subcategory": "Private Equity",
    "loanTypes": "Minority & Control Equity Investments ($5M-$30M)",
    "minFICO": null,
    "maxLoanSize": "$30M",
    "minRevenue": "$5M+ sales",
    "minTimeInBusiness": "nan",
    "targetProfile": "Consumer packaged goods, wellness, beauty, omnichannel retail.",
    "geographicFocus": "Sonoma",
    "countiesServed": [
      "Sonoma"
    ],
    "contact": {
      "name": "nan",
      "phone": "nan",
      "email": "hello@sonomabrands.com",
      "website": "sonomabrands.com"
    },
    "notes": "nan"
  },
  {
    "id": 75,
    "name": "CORE Industrial Partners",
    "category": "Private Equity & Venture Debt",
    "subcategory": "Private Equity",
    "loanTypes": "Buyouts, Growth Capital",
    "minFICO": null,
    "maxLoanSize": "nan",
    "minRevenue": "nan",
    "minTimeInBusiness": "nan",
    "targetProfile": "Lower-middle market manufacturing, industrial technology, and industrial service businesses.",
    "geographicFocus": "Broad Northern California reach",
    "countiesServed": [
      "Multi-county"
    ],
    "contact": {
      "name": "nan",
      "phone": "nan",
      "email": "nan",
      "website": "coreipfund.com"
    },
    "notes": "nan"
  },
  {
    "id": 76,
    "name": "TSG Consumer Partners",
    "category": "Private Equity & Venture Debt",
    "subcategory": "Private Equity",
    "loanTypes": "Growth Equity, Buyouts",
    "minFICO": null,
    "maxLoanSize": "nan",
    "minRevenue": "nan",
    "minTimeInBusiness": "nan",
    "targetProfile": "Consumer brands, beauty, personal care, e-commerce, food and beverage.",
    "geographicFocus": "San Francisco",
    "countiesServed": [
      "San Francisco"
    ],
    "contact": {
      "name": "nan",
      "phone": "nan",
      "email": "nan",
      "website": "tsgconsumer.com"
    },
    "notes": "nan"
  },
  {
    "id": 77,
    "name": "NextWorld Evergreen",
    "category": "Private Equity & Venture Debt",
    "subcategory": "Private Equity",
    "loanTypes": "Long-term evergreen growth equity",
    "minFICO": null,
    "maxLoanSize": "nan",
    "minRevenue": "nan",
    "minTimeInBusiness": "nan",
    "targetProfile": "Mission-driven consumer brands, clean beauty, specialty retail.",
    "geographicFocus": "San Francisco",
    "countiesServed": [
      "San Francisco"
    ],
    "contact": {
      "name": "nan",
      "phone": "nan",
      "email": "nan",
      "website": "nextworld.com"
    },
    "notes": "nan"
  },
  {
    "id": 78,
    "name": "Encore Consumer Capital",
    "category": "Private Equity & Venture Debt",
    "subcategory": "Private Equity",
    "loanTypes": "Lower middle-market consumer focus",
    "minFICO": null,
    "maxLoanSize": "nan",
    "minRevenue": "nan",
    "minTimeInBusiness": "nan",
    "targetProfile": "Consumer products and services, manufacturing scaling.",
    "geographicFocus": "San Francisco",
    "countiesServed": [
      "San Francisco"
    ],
    "contact": {
      "name": "nan",
      "phone": "nan",
      "email": "nan",
      "website": "encoreconsumer.com"
    },
    "notes": "nan"
  },
  {
    "id": 79,
    "name": "Central Valley Fund (CVF Capital Partners)",
    "category": "Private Equity & Venture Debt",
    "subcategory": "Private Equity / Mezzanine",
    "loanTypes": "Subordinated Debt, Preferred Equity",
    "minFICO": null,
    "maxLoanSize": "nan",
    "minRevenue": "nan",
    "minTimeInBusiness": "nan",
    "targetProfile": "Small and medium-sized Main Street businesses requiring flexible capital solutions.",
    "geographicFocus": "Davis, Sacramento region",
    "countiesServed": [
      "Yolo",
      "Sacramento"
    ],
    "contact": {
      "name": "nan",
      "phone": "nan",
      "email": "nan",
      "website": "cvfcapitalpartners.com"
    },
    "notes": "nan"
  },
  {
    "id": 80,
    "name": "Fundbox",
    "category": "Alternative & FinTech",
    "subcategory": "Online Algorithmic Lender",
    "loanTypes": "Short-term Lines of Credit, Term Loans",
    "minFICO": 600,
    "maxLoanSize": "nan",
    "minRevenue": "$100K+",
    "minTimeInBusiness": "6 months",
    "targetProfile": "Repayment terms of 12, 24, or 52 weeks. No prepayment penalties. 1-5 day funding.",
    "geographicFocus": "Online / Available Statewide",
    "countiesServed": [
      "Statewide"
    ],
    "contact": {
      "name": "nan",
      "phone": "nan",
      "email": "nan",
      "website": "fundbox.com"
    },
    "notes": "nan"
  },
  {
    "id": 81,
    "name": "QuickBooks Capital",
    "category": "Alternative & FinTech",
    "subcategory": "Platform Lender",
    "loanTypes": "Term Loans ($1.5k-$200k)",
    "minFICO": 580,
    "maxLoanSize": "$200K",
    "minRevenue": "nan",
    "minTimeInBusiness": "nan",
    "targetProfile": "Leverages existing QuickBooks accounting data for rapid algorithmic approval. 6-24 month terms.",
    "geographicFocus": "Online / Available Statewide",
    "countiesServed": [
      "Statewide"
    ],
    "contact": {
      "name": "nan",
      "phone": "nan",
      "email": "nan",
      "website": "quickbooks.intuit.com"
    },
    "notes": "nan"
  },
  {
    "id": 82,
    "name": "Lendio",
    "category": "Alternative & FinTech",
    "subcategory": "Lending Marketplace / Aggregator",
    "loanTypes": "SBA loans, LOC, Term loans, Equipment, Factoring",
    "minFICO": null,
    "maxLoanSize": "nan",
    "minRevenue": "nan",
    "minTimeInBusiness": "nan",
    "targetProfile": "Functions as an aggregator, matching diverse credit profiles with a network of alternative and traditional lenders.",
    "geographicFocus": "Online / Available Statewide",
    "countiesServed": [
      "Statewide"
    ],
    "contact": {
      "name": "nan",
      "phone": "nan",
      "email": "nan",
      "website": "lendio.com"
    },
    "notes": "nan"
  }
]